HTTrack3.44-1+htsswf+htsjava launched on Tue, 25 Oct 2011 07:51:28 at http://www.lomion.de/cmm/ +*.png +*.gif +*.jpg +*.css +*.js -ad.doubleclick.net/* -mime:application/foobar
(winhttrack -qwC2%Ps2u1%s%uN0%I0p3DaK0H0%kf2A25000%f#f -F "Mozilla/4.5 (compatible; HTTrack 3.0x; Windows 98)" -%F "<!-- Mirrored from %s%s by HTTrack Website Copier/3.x [XR&CO'2010], %s -->" -%l "en, en, *" http://www.lomion.de/cmm/ -O1 "D:\Roleplaying Stuff\D&D\AD&D and clones\AD&D 2nd Edition\2e Monstrous Manual" +*.png +*.gif +*.jpg +*.css +*.js -ad.doubleclick.net/* -mime:application/foobar )

Information, Warnings and Errors reported for this mirror:
note:	the hts-log.txt file, and hts-cache folder, may contain sensitive information,
	such as username/password authentication for websites mirrored in this project
	do not share these files/folders if you want these information to remain private

09:23:46	Error: 	"Forbidden" (403) at link www.lomion.de/cmm/cluriha.php (from www.lomion.de/cmm/_index.php)
09:23:46	Error: 	"Not Found" (404) at link www.lomion.de/cmm/thassaloss.php (from www.lomion.de/cmm/_index.php)
09:23:46	Error: 	"Not Found" (404) at link www.lomion.de/cmm/aihomagm.php (from www.lomion.de/cmm/_index.php)
09:23:46	Error: 	"Not Found" (404) at link www.lomion.de/cmm/yetiksa.php (from www.lomion.de/cmm/_index.php)
09:23:46	Error: 	"Not Found" (404) at link www.lomion.de/cmm/tabo.php (from www.lomion.de/cmm/_index.php)
09:23:48	Error: 	"Not Found" (404) at link www.lomion.de/cmm/_link?beholde1 (from www.lomion.de/cmm/aartuk.php)
09:23:48	Error: 	"Not Found" (404) at link www.lomion.de/cmm/_link?arcane (from www.lomion.de/cmm/aartuk.php)
09:23:48	Error: 	"Not Found" (404) at link www.lomion.de/cmm/_lnk.php?neogi (from www.lomion.de/cmm/albari.php)
09:23:48	Error: 	"Not Found" (404) at link www.lomion.de/cmm/_link.phpelement2 (from www.lomion.de/cmm/archomeg.php)
09:24:04	Error: 	"Not Found" (404) at link www.lomion.de/cmm/_link.phpeagle.php (from www.lomion.de/cmm/bird.php)
09:24:14	Error: 	"Not Found" (404) at link www.lomion.de/cmm/_link?dwarf (from www.lomion.de/cmm/disir.php)
09:24:14	Error: 	"Not Found" (404) at link www.lomion.de/cmm/_linkphp?dragcblu (from www.lomion.de/cmm/dracimer.php)
09:24:14	Error: 	"Not Found" (404) at link www.lomion.de/cmm/dragcgre (from www.lomion.de/cmm/dracimer.php)
09:24:14	Error: 	"Not Found" (404) at link www.lomion.de/cmm/link.php?dragmbro (from www.lomion.de/cmm/draconia.php)
09:24:14	Error: 	"Not Found" (404) at link www.lomion.de/cmm/dragstee (from www.lomion.de/cmm/dragon.php)
09:24:14	Error: 	"Not Found" (404) at link www.lomion.de/cmm/dragbrow (from www.lomion.de/cmm/dragon.php)
09:24:47	Error: 	"Not Found" (404) at link www.lomion.de/cmm/_golervmz (from www.lomion.de/cmm/golerv.php)
09:24:50	Error: 	"Not Found" (404) at link www.lomion.de/cmm/function.main (from www.lomion.de/cmm/hivebroo.php)
09:24:50	Error: 	"Not Found" (404) at link www.lomion.de/cmm/function.include (from www.lomion.de/cmm/hivebroo.php)
09:26:06	Error: 	"Not Found" (404) at link www.lomion.de/cmm/_link.php=dwarmoun (from www.lomion.de/cmm/dap/dap_dwar.php)
09:26:07	Warning: 	File has moved from www.lomion.de/cmm/_link.php?tiefling to http://www.lomion.de/cmm/tiefling.php
09:26:08	Warning: 	File has moved from www.lomion.de/cmm/_link.php?kirin to http://www.lomion.de/cmm/kirin.php
09:26:08	Error: 	"Not Found" (404) at link www.lomion.de/cmm/{_link.php?aasiagat (from www.lomion.de/cmm/aasideva.php)
09:26:14	Warning: 	File has moved from www.lomion.de/cmm/_link.php?element2 to http://www.lomion.de/cmm/element2.php
09:26:14	Warning: 	File has moved from www.lomion.de/cmm/_link.php?fish to http://www.lomion.de/cmm/fish.php
09:26:15	Warning: 	File has moved from www.lomion.de/cmm/_link.php?ant to http://www.lomion.de/cmm/ant.php
09:26:15	Warning: 	File has moved from www.lomion.de/cmm/_link.php?elfdrow to http://www.lomion.de/cmm/elfdrow.php
09:26:15	Warning: 	File has moved from www.lomion.de/cmm/_link.php?centaur to http://www.lomion.de/cmm/centaur.php
09:26:16	Warning: 	File has moved from www.lomion.de/cmm/_link.php?griffon to http://www.lomion.de/cmm/griffon.php
09:26:16	Warning: 	File has moved from www.lomion.de/cmm/_link.php?camel to http://www.lomion.de/cmm/camel.php
09:26:16	Warning: 	File has moved from www.lomion.de/cmm/_link.php?undelamo to http://www.lomion.de/cmm/undelamo.php
09:26:20	Warning: 	File has moved from www.lomion.de/cmm/_link.php?genie to http://www.lomion.de/cmm/genie.php
09:26:24	Warning: 	File has moved from www.lomion.de/cmm/_link.php?rockhopp to http://www.lomion.de/cmm/rockhopp.php
09:26:34	Warning: 	File has moved from www.lomion.de/cmm/_link.php?hama to http://www.lomion.de/cmm/hama.php
09:26:34	Warning: 	File has moved from www.lomion.de/cmm/_link.php?frog to http://www.lomion.de/cmm/frog.php
09:26:35	Warning: 	File has moved from www.lomion.de/cmm/_link.php?shadow to http://www.lomion.de/cmm/shadow.php
09:26:35	Warning: 	File has moved from www.lomion.de/cmm/_link.php?ooslje00 to http://www.lomion.de/cmm/ooslje00.php
09:26:39	Warning: 	File has moved from www.lomion.de/cmm/_link.php?eel to http://www.lomion.de/cmm/eel.php
09:26:40	Warning: 	File has moved from www.lomion.de/cmm/_link.php?owl to http://www.lomion.de/cmm/owl.php
09:26:40	Warning: 	File has moved from www.lomion.de/cmm/_link.php?catgreat to http://www.lomion.de/cmm/catgreat.php
09:26:40	Warning: 	File has moved from www.lomion.de/cmm/_link.php?dinosau1 to http://www.lomion.de/cmm/dinosau1.php
09:26:47	Warning: 	File has moved from www.lomion.de/cmm/_link.php?animatmi to http://www.lomion.de/cmm/animatmi.php
09:26:51	Warning: 	File has moved from www.lomion.de/cmm/_link.php?ghost to http://www.lomion.de/cmm/ghost.php
09:27:00	Warning: 	File has moved from www.lomion.de/cmm/_link.php?arakalve to http://www.lomion.de/cmm/arakalve.php
09:27:00	Warning: 	File has moved from www.lomion.de/cmm/_link.php?arakbrag to http://www.lomion.de/cmm/arakbrag.php
09:27:06	Warning: 	File has moved from www.lomion.de/cmm/_link.php?mullonga to http://www.lomion.de/cmm/mullonga.php
09:27:06	Warning: 	File has moved from www.lomion.de/cmm/_link.php?triton to http://www.lomion.de/cmm/triton.php
09:27:08	Warning: 	File has moved from www.lomion.de/cmm/_link.php?nymph to http://www.lomion.de/cmm/nymph.php
09:27:09	Warning: 	File has moved from www.lomion.de/cmm/_link.php?gianstor to http://www.lomion.de/cmm/gianstor.php
09:27:13	Warning: 	File has moved from www.lomion.de/cmm/_link.php?githyank to http://www.lomion.de/cmm/githyank.php
09:27:13	Warning: 	File has moved from www.lomion.de/cmm/_link.php?garradal to http://www.lomion.de/cmm/garradal.php
09:27:14	Warning: 	File has moved from www.lomion.de/cmm/_link.php?gnomtink to http://www.lomion.de/cmm/gnomtink.php
09:27:14	Warning: 	File has moved from www.lomion.de/cmm/_link.php?autotrob to http://www.lomion.de/cmm/autotrob.php
09:27:15	Warning: 	File has moved from www.lomion.de/cmm/_link.php?autoscal to http://www.lomion.de/cmm/autoscal.php
09:27:25	Warning: 	File has moved from www.lomion.de/cmm/_link.php?baatnupp to http://www.lomion.de/cmm/baatnupp.php
09:27:35	Warning: 	File has moved from www.lomion.de/cmm/_link.php?archon to http://www.lomion.de/cmm/archon.php
09:27:43	Warning: 	File has moved from www.lomion.de/cmm/_link.php?baazragb to http://www.lomion.de/cmm/baazragb.php
09:27:43	Warning: 	File has moved from www.lomion.de/cmm/_link.php?baazrag to http://www.lomion.de/cmm/baazrag.php
09:27:45	Warning: 	File has moved from www.lomion.de/cmm/_link.php?hcalos to http://www.lomion.de/cmm/hcalos.php
09:27:48	Warning: 	File has moved from www.lomion.de/cmm/_link.php?oni to http://www.lomion.de/cmm/oni.php
09:27:51	Warning: 	File has moved from www.lomion.de/cmm/_link.php?yugohydr to http://www.lomion.de/cmm/yugohydr.php
09:27:51	Warning: 	File has moved from www.lomion.de/cmm/_link.php?gianhill to http://www.lomion.de/cmm/gianhill.php
09:27:54	Warning: 	File has moved from www.lomion.de/cmm/_link.php?naga to http://www.lomion.de/cmm/naga.php
09:27:55	Warning: 	File has moved from www.lomion.de/cmm/_link.php?hobgobli to http://www.lomion.de/cmm/hobgobli.php
09:27:55	Warning: 	File has moved from www.lomion.de/cmm/_link.php?minotaur to http://www.lomion.de/cmm/minotaur.php
09:27:58	Warning: 	File has moved from www.lomion.de/cmm/_link.php?elfaquat to http://www.lomion.de/cmm/elfaquat.php
09:27:59	Warning: 	File has moved from www.lomion.de/cmm/_link.php?dragcbla to http://www.lomion.de/cmm/dragcbla.php
09:27:59	Warning: 	File has moved from www.lomion.de/cmm/_link.php?rotgrub to http://www.lomion.de/cmm/rotgrub.php
09:27:59	Warning: 	File has moved from www.lomion.de/cmm/_link.php?wight to http://www.lomion.de/cmm/wight.php
09:28:00	Warning: 	File has moved from www.lomion.de/cmm/_link.php?plansaco to http://www.lomion.de/cmm/plansaco.php
09:28:05	Warning: 	File has moved from www.lomion.de/cmm/_link.php?beetlesc to http://www.lomion.de/cmm/beetlesc.php
09:28:06	Warning: 	File has moved from www.lomion.de/cmm/_link.php?halfatha to http://www.lomion.de/cmm/halfatha.php
09:28:06	Warning: 	File has moved from www.lomion.de/cmm/_link.php?beetle to http://www.lomion.de/cmm/beetle.php
09:28:12	Warning: 	File has moved from www.lomion.de/cmm/_link.php?dispbeas to http://www.lomion.de/cmm/dispbeas.php
09:28:14	Warning: 	File has moved from www.lomion.de/cmm/_link.php?behoelor to http://www.lomion.de/cmm/behoelor.php
09:28:15	Warning: 	File has moved from www.lomion.de/cmm/_link.php?behokash to http://www.lomion.de/cmm/behokash.php
09:28:15	Warning: 	File has moved from www.lomion.de/cmm/_link.php?shivak to http://www.lomion.de/cmm/shivak.php
09:28:15	Warning: 	File has moved from www.lomion.de/cmm/_link.php?stirge to http://www.lomion.de/cmm/stirge.php
09:28:19	Warning: 	File has moved from www.lomion.de/cmm/_link.php?elemsmok to http://www.lomion.de/cmm/elemsmok.php
09:28:32	Warning: 	File has moved from www.lomion.de/cmm/_link.php?piranha to http://www.lomion.de/cmm/piranha.php
09:28:33	Warning: 	File has moved from www.lomion.de/cmm/_link.php?elemcomp to http://www.lomion.de/cmm/elemcomp.php
09:28:39	Warning: 	File has moved from www.lomion.de/cmm/_link.php?elmarin to http://www.lomion.de/cmm/elmarin.php
09:28:39	Warning: 	File has moved from www.lomion.de/cmm/_link.php?gremjerm to http://www.lomion.de/cmm/gremjerm.php
09:28:40	Warning: 	File has moved from www.lomion.de/cmm/_link.php?slaad to http://www.lomion.de/cmm/slaad.php
09:28:48	Warning: 	File has moved from www.lomion.de/cmm/_link.php?brownie to http://www.lomion.de/cmm/brownie.php
09:28:51	Warning: 	File has moved from www.lomion.de/cmm/_link.php?cavefish to http://www.lomion.de/cmm/cavefish.php
09:28:54	Warning: 	File has moved from www.lomion.de/cmm/_link.php?worm to http://www.lomion.de/cmm/worm.php
09:29:00	Warning: 	File has moved from www.lomion.de/cmm/_link.php?halfling to http://www.lomion.de/cmm/halfling.php
09:29:00	Warning: 	File has moved from www.lomion.de/cmm/_link.php?gianhalf to http://www.lomion.de/cmm/gianhalf.php
09:29:04	Warning: 	File has moved from www.lomion.de/cmm/_link.php?turtgian to http://www.lomion.de/cmm/turtgian.php
09:29:04	Warning: 	File has moved from www.lomion.de/cmm/_link.php?wolverin to http://www.lomion.de/cmm/wolverin.php
09:29:07	Warning: 	File has moved from www.lomion.de/cmm/_link.php?blazbone to http://www.lomion.de/cmm/blazbone.php
09:29:25	Warning: 	File has moved from www.lomion.de/cmm/_link.php?dregoth to http://www.lomion.de/cmm/dregoth.php
09:29:26	Warning: 	File has moved from www.lomion.de/cmm/_link.php?rakasta to http://www.lomion.de/cmm/rakasta.php
09:29:26	Warning: 	File has moved from www.lomion.de/cmm/_link.php?sluggian to http://www.lomion.de/cmm/sluggian.php
09:29:30	Warning: 	File has moved from www.lomion.de/cmm/_link.php?jackal to http://www.lomion.de/cmm/jackal.php
09:29:34	Warning: 	File has moved from www.lomion.de/cmm/_link.php?voat to http://www.lomion.de/cmm/voat.php
09:29:45	Warning: 	File has moved from www.lomion.de/cmm/_link.php?sphinx to http://www.lomion.de/cmm/sphinx.php
09:29:48	Warning: 	File has moved from www.lomion.de/cmm/_link.php?kobold to http://www.lomion.de/cmm/kobold.php
09:29:50	Warning: 	File has moved from www.lomion.de/cmm/_link.php?wemic to http://www.lomion.de/cmm/wemic.php
09:29:51	Warning: 	File has moved from www.lomion.de/cmm/_link.php?lycaweja to http://www.lomion.de/cmm/lycaweja.php
09:29:52	Warning: 	File has moved from www.lomion.de/cmm/_link.php?wryback to http://www.lomion.de/cmm/wryback.php
09:29:52	Warning: 	File has moved from www.lomion.de/cmm/_link.php?lycawewo to http://www.lomion.de/cmm/lycawewo.php
09:29:55	Warning: 	File has moved from www.lomion.de/cmm/_link.php?boneless to http://www.lomion.de/cmm/boneless.php
09:29:56	Warning: 	File has moved from www.lomion.de/cmm/_link.php?shad to http://www.lomion.de/cmm/shad.php
09:30:06	Warning: 	File has moved from www.lomion.de/cmm/_link.php?stafisgi to http://www.lomion.de/cmm/stafisgi.php
09:30:06	Warning: 	File has moved from www.lomion.de/cmm/_link.php?lurker to http://www.lomion.de/cmm/lurker.php
09:30:14	Warning: 	File has moved from www.lomion.de/cmm/_link.php?golervmz to http://www.lomion.de/cmm/golervmz.php
09:30:14	Warning: 	File has moved from www.lomion.de/cmm/_link.php?rocathas to http://www.lomion.de/cmm/rocathas.php
09:30:18	Warning: 	File has moved from www.lomion.de/cmm/_link.php?leprecha to http://www.lomion.de/cmm/leprecha.php
09:30:24	Warning: 	File has moved from www.lomion.de/cmm/_link.php?manscorn to http://www.lomion.de/cmm/manscorn.php
09:30:30	Warning: 	File has moved from www.lomion.de/cmm/_link.php?crypthin to http://www.lomion.de/cmm/crypthin.php
09:30:41	Warning: 	File has moved from www.lomion.de/cmm/_link.php?sandspaw to http://www.lomion.de/cmm/sandspaw.php
09:30:42	Warning: 	File has moved from www.lomion.de/cmm/_link.php?darkstal to http://www.lomion.de/cmm/darkstal.php
09:30:42	Warning: 	File has moved from www.lomion.de/cmm/_link.php?scile to http://www.lomion.de/cmm/scile.php
09:31:10	Warning: 	File has moved from www.lomion.de/cmm/_link.php?nehthalg to http://www.lomion.de/cmm/nehthalg.php
09:31:11	Warning: 	File has moved from www.lomion.de/cmm/_link.php?nighthag to http://www.lomion.de/cmm/nighthag.php
09:31:18	Warning: 	File has moved from www.lomion.de/cmm/_link.php?tempglid to http://www.lomion.de/cmm/tempglid.php
09:31:18	Warning: 	File has moved from www.lomion.de/cmm/_link.php?sharkath to http://www.lomion.de/cmm/sharkath.php
09:31:30	Warning: 	File has moved from www.lomion.de/cmm/_link.php?dragcgre to http://www.lomion.de/cmm/dragcgre.php
09:31:38	Warning: 	File has moved from www.lomion.de/cmm/_link.php?drageame to http://www.lomion.de/cmm/drageame.php
09:31:42	Warning: 	File has moved from www.lomion.de/cmm/_link.php?dragdeep to http://www.lomion.de/cmm/dragdeep.php
09:31:48	Warning: 	File has moved from www.lomion.de/cmm/_link.php?draglfro to http://www.lomion.de/cmm/draglfro.php
09:31:57	Warning: 	File has moved from www.lomion.de/cmm/_link.php?faerpett to http://www.lomion.de/cmm/faerpett.php
09:32:09	Warning: 	File has moved from www.lomion.de/cmm/_link.php?revenant to http://www.lomion.de/cmm/revenant.php
09:32:09	Warning: 	File has moved from www.lomion.de/cmm/_link.php?dragastr to http://www.lomion.de/cmm/dragastr.php
09:32:10	Warning: 	File has moved from www.lomion.de/cmm/_link.php?dracolic to http://www.lomion.de/cmm/dracolic.php
09:32:15	Warning: 	File has moved from www.lomion.de/cmm/_link.php?minokryn to http://www.lomion.de/cmm/minokryn.php
09:32:26	Warning: 	File has moved from www.lomion.de/cmm/_link.php?dragmoon to http://www.lomion.de/cmm/dragmoon.php
09:32:27	Warning: 	File has moved from www.lomion.de/cmm/_link.php?chac to http://www.lomion.de/cmm/chac.php
09:32:27	Warning: 	File has moved from www.lomion.de/cmm/_link.php?dragmycr to http://www.lomion.de/cmm/dragmycr.php
09:32:27	Warning: 	File has moved from www.lomion.de/cmm/_link.php?dragmyst to http://www.lomion.de/cmm/dragmyst.php
09:32:49	Warning: 	File has moved from www.lomion.de/cmm/_link.php?drakaair to http://www.lomion.de/cmm/drakaair.php
09:32:53	Warning: 	File has moved from www.lomion.de/cmm/_link.php?drakalma to http://www.lomion.de/cmm/drakalma.php
09:32:53	Warning: 	File has moved from www.lomion.de/cmm/_link.php?drakalsu to http://www.lomion.de/cmm/drakalsu.php
09:32:54	Warning: 	File has moved from www.lomion.de/cmm/_link.php?drakales to http://www.lomion.de/cmm/drakales.php
09:32:57	Warning: 	File has moved from www.lomion.de/cmm/_link.php?kalin to http://www.lomion.de/cmm/kalin.php
09:33:04	Warning: 	File has moved from www.lomion.de/cmm/_link.php?willowis to http://www.lomion.de/cmm/willowis.php
09:33:05	Warning: 	File has moved from www.lomion.de/cmm/_link.php?dreawrai to http://www.lomion.de/cmm/dreawrai.php
09:33:05	Warning: 	File has moved from www.lomion.de/cmm/_link.php?spidkryn to http://www.lomion.de/cmm/spidkryn.php
09:33:05	Warning: 	File has moved from www.lomion.de/cmm/_link.php?beastund to http://www.lomion.de/cmm/beastund.php
09:33:06	Warning: 	File has moved from www.lomion.de/cmm/_link.php?dreashad to http://www.lomion.de/cmm/dreashad.php
09:33:06	Warning: 	File has moved from www.lomion.de/cmm/_link.php?kaisharg to http://www.lomion.de/cmm/kaisharg.php
09:33:09	Warning: 	File has moved from www.lomion.de/cmm/_link.php?brohg to http://www.lomion.de/cmm/brohg.php
09:33:13	Warning: 	File has moved from www.lomion.de/cmm/_link.php?selkie to http://www.lomion.de/cmm/selkie.php
09:33:13	Warning: 	File has moved from www.lomion.de/cmm/_link.php?dwarthei to http://www.lomion.de/cmm/dwarthei.php
09:33:25	Warning: 	File has moved from www.lomion.de/cmm/_link.php?bansheed to http://www.lomion.de/cmm/bansheed.php
09:33:40	Warning: 	File has moved from www.lomion.de/cmm/_link.php?eladlbra to http://www.lomion.de/cmm/eladlbra.php
09:33:41	Warning: 	File has moved from www.lomion.de/cmm/_link.php?imp to http://www.lomion.de/cmm/imp.php
09:33:48	Warning: 	File has moved from www.lomion.de/cmm/_link.php?golebrai to http://www.lomion.de/cmm/golebrai.php
09:33:57	Warning: 	File has moved from www.lomion.de/cmm/_link.php?elemlaae to http://www.lomion.de/cmm/elemlaae.php
09:34:01	Warning: 	File has moved from www.lomion.de/cmm/_link.php?elegchag to http://www.lomion.de/cmm/elegchag.php
09:34:04	Warning: 	File has moved from www.lomion.de/cmm/_link.php?bookworm to http://www.lomion.de/cmm/bookworm.php
09:34:04	Warning: 	File has moved from www.lomion.de/cmm/_link.php?leech to http://www.lomion.de/cmm/leech.php
09:34:16	Warning: 	File has moved from www.lomion.de/cmm/_link.php?eleathas to http://www.lomion.de/cmm/eleathas.php
09:34:21	Warning: 	File has moved from www.lomion.de/cmm/_link.php?elebair to http://www.lomion.de/cmm/elebair.php
09:34:27	Warning: 	File has moved from www.lomion.de/cmm/_link.php?elekechr to http://www.lomion.de/cmm/elekechr.php
09:34:39	Warning: 	File has moved from www.lomion.de/cmm/_link.php?elfhqual to http://www.lomion.de/cmm/elfhqual.php
09:34:49	Warning: 	File has moved from www.lomion.de/cmm/_link.php?espeweed to http://www.lomion.de/cmm/espeweed.php
09:34:49	Warning: 	File has moved from www.lomion.de/cmm/_link.php?ermorden to http://www.lomion.de/cmm/ermorden.php
09:35:02	Warning: 	File has moved from www.lomion.de/cmm/_link.php?stwinger to http://www.lomion.de/cmm/stwinger.php
09:35:28	Warning: 	File has moved from www.lomion.de/cmm/_link.php?golerv to http://www.lomion.de/cmm/golerv.php
09:35:29	Warning: 	File has moved from www.lomion.de/cmm/_link.php?figurine to http://www.lomion.de/cmm/figurine.php
09:35:32	Warning: 	File has moved from www.lomion.de/cmm/_link.php?animenta to http://www.lomion.de/cmm/animenta.php
09:35:32	Warning: 	File has moved from www.lomion.de/cmm/_link.php?hamsgisp to http://www.lomion.de/cmm/hamsgisp.php
09:35:47	Warning: 	File has moved from www.lomion.de/cmm/_link.php?fishvurg to http://www.lomion.de/cmm/fishvurg.php
09:35:48	Warning: 	File has moved from www.lomion.de/cmm/_link.php?eelgimor to http://www.lomion.de/cmm/eelgimor.php
09:36:16	Warning: 	File has moved from www.lomion.de/cmm/_link.php?sout to http://www.lomion.de/cmm/sout.php
09:36:17	Warning: 	File has moved from www.lomion.de/cmm/_link.php?asperii to http://www.lomion.de/cmm/asperii.php
09:36:27	Warning: 	File has moved from www.lomion.de/cmm/_link.php?fundame3 to http://www.lomion.de/cmm/fundame3.php
09:36:27	Warning: 	File has moved from www.lomion.de/cmm/_link.php?fundame1 to http://www.lomion.de/cmm/fundame1.php
09:36:32	Warning: 	File has moved from www.lomion.de/cmm/_link.php?spirnatu to http://www.lomion.de/cmm/spirnatu.php
09:36:32	Warning: 	File has moved from www.lomion.de/cmm/_link.php?gargantu to http://www.lomion.de/cmm/gargantu.php
09:36:38	Warning: 	File has moved from www.lomion.de/cmm/_link.php?cabhaigh to http://www.lomion.de/cmm/cabhaigh.php
09:36:41	Warning: 	File has moved from www.lomion.de/cmm/_link.php?vargouil to http://www.lomion.de/cmm/vargouil.php
09:36:50	Warning: 	File has moved from www.lomion.de/cmm/_link.php?geninodj to http://www.lomion.de/cmm/geninodj.php
09:36:55	Warning: 	File has moved from www.lomion.de/cmm/_link.php?clamgian to http://www.lomion.de/cmm/clamgian.php
09:36:56	Warning: 	File has moved from www.lomion.de/cmm/_link.php?gentaske to http://www.lomion.de/cmm/gentaske.php
09:37:16	Error: 	"Not Found" (404) at link www.lomion.de/cmm/corpcand (from www.lomion.de/cmm/ghosligh.php)
09:37:54	Warning: 	File has moved from www.lomion.de/cmm/_link.php?troglody to http://www.lomion.de/cmm/troglody.php
09:37:58	Warning: 	File has moved from www.lomion.de/cmm/_link.php?golem6 to http://www.lomion.de/cmm/golem6.php
09:38:04	Warning: 	File has moved from www.lomion.de/cmm/_link.php?dragleun to http://www.lomion.de/cmm/dragleun.php
09:38:23	Warning: 	File has moved from www.lomion.de/cmm/_link.php?tanatvro to http://www.lomion.de/cmm/tanatvro.php
09:38:34	Warning: 	File has moved from www.lomion.de/cmm/_link.php?strazomb to http://www.lomion.de/cmm/strazomb.php
09:38:58	Warning: 	File has moved from www.lomion.de/cmm/_link.php?delphini to http://www.lomion.de/cmm/delphini.php
09:38:58	Warning: 	File has moved from www.lomion.de/cmm/_link.php?grelwild to http://www.lomion.de/cmm/grelwild.php
09:39:20	Warning: 	File has moved from www.lomion.de/cmm/_link.php?otyugh to http://www.lomion.de/cmm/otyugh.php
09:39:29	Warning: 	File has moved from www.lomion.de/cmm/_link.php?spiricor to http://www.lomion.de/cmm/spiricor.php
09:39:30	Warning: 	File has moved from www.lomion.de/cmm/_link.php?spirfout to http://www.lomion.de/cmm/spirfout.php
09:39:32	Warning: 	File has moved from www.lomion.de/cmm/_link.php?nishruu to http://www.lomion.de/cmm/nishruu.php
09:39:39	Warning: 	File has moved from www.lomion.de/cmm/_link.php?eye to http://www.lomion.de/cmm/eye.php
09:39:39	Warning: 	File has moved from www.lomion.de/cmm/_link.php?yuanti to http://www.lomion.de/cmm/yuanti.php
09:39:40	Warning: 	File has moved from www.lomion.de/cmm/_link.php?haundar to http://www.lomion.de/cmm/haundar.php
09:39:41	Warning: 	File has moved from www.lomion.de/cmm/_link.php?haun to http://www.lomion.de/cmm/haun.php
09:40:20	Warning: 	File has moved from www.lomion.de/cmm/_link.php?vaati to http://www.lomion.de/cmm/vaati.php
09:40:43	Warning: 	File has moved from www.lomion.de/cmm/_link.php?animhera to http://www.lomion.de/cmm/animhera.php
09:40:51	Warning: 	File has moved from www.lomion.de/cmm/_link.php?lizmankr to http://www.lomion.de/cmm/lizmankr.php
09:40:51	Warning: 	File has moved from www.lomion.de/cmm/_link.php?dracsesk to http://www.lomion.de/cmm/dracsesk.php
09:41:01	Warning: 	File has moved from www.lomion.de/cmm/_link.php?neotheli to http://www.lomion.de/cmm/neotheli.php
09:41:09	Warning: 	File has moved from www.lomion.de/cmm/_link.php?iguagian to http://www.lomion.de/cmm/iguagian.php
09:41:19	Warning: 	File has moved from www.lomion.de/cmm/_link.php?tarrasqu to http://www.lomion.de/cmm/tarrasqu.php
09:41:27	Warning: 	File has moved from www.lomion.de/cmm/_link.php?zard to http://www.lomion.de/cmm/zard.php
09:41:31	Warning: 	File has moved from www.lomion.de/cmm/_link.php?zombsea to http://www.lomion.de/cmm/zombsea.php
09:41:31	Warning: 	File has moved from www.lomion.de/cmm/_link.php?hermitse to http://www.lomion.de/cmm/hermitse.php
09:41:37	Warning: 	File has moved from www.lomion.de/cmm/_link.php?manticor to http://www.lomion.de/cmm/manticor.php
09:41:56	Warning: 	File has moved from www.lomion.de/cmm/_link.php?scavver to http://www.lomion.de/cmm/scavver.php
09:42:04	Warning: 	File has moved from www.lomion.de/cmm/_link.php?kopru to http://www.lomion.de/cmm/kopru.php
09:42:04	Warning: 	File has moved from www.lomion.de/cmm/_link.php?weasel to http://www.lomion.de/cmm/weasel.php
09:42:05	Warning: 	File has moved from www.lomion.de/cmm/_link.php?urd to http://www.lomion.de/cmm/urd.php
09:42:05	Warning: 	File has moved from www.lomion.de/cmm/_link.php?kna to http://www.lomion.de/cmm/kna.php
09:42:08	Warning: 	File has moved from www.lomion.de/cmm/_link.php?krag to http://www.lomion.de/cmm/krag.php
09:42:13	Warning: 	File has moved from www.lomion.de/cmm/_link.php?tirichik to http://www.lomion.de/cmm/tirichik.php
09:42:17	Warning: 	File has moved from www.lomion.de/cmm/_link.php?lamia to http://www.lomion.de/cmm/lamia.php
09:42:18	Warning: 	File has moved from www.lomion.de/cmm/_link.php?lammasu to http://www.lomion.de/cmm/lammasu.php
09:42:36	Warning: 	File has moved from www.lomion.de/cmm/_link.php?treaunde to http://www.lomion.de/cmm/treaunde.php
09:42:47	Warning: 	File has moved from www.lomion.de/cmm/_link.php?harpy to http://www.lomion.de/cmm/harpy.php
09:42:48	Warning: 	File has moved from www.lomion.de/cmm/_link.php?asuras to http://www.lomion.de/cmm/asuras.php
09:42:48	Warning: 	File has moved from www.lomion.de/cmm/_link.php?silat to http://www.lomion.de/cmm/silat.php
09:43:02	Warning: 	File has moved from www.lomion.de/cmm/_link.php?arcanehe to http://www.lomion.de/cmm/arcanehe.php
09:43:08	Warning: 	File has moved from www.lomion.de/cmm/_link.php?wolfwere to http://www.lomion.de/cmm/wolfwere.php
09:43:15	Warning: 	File has moved from www.lomion.de/cmm/_link.php?paka to http://www.lomion.de/cmm/paka.php
09:43:20	Warning: 	File has moved from www.lomion.de/cmm/_link.php?lycawesh to http://www.lomion.de/cmm/lycawesh.php
09:43:28	Warning: 	File has moved from www.lomion.de/cmm/_link.php?tentamor to http://www.lomion.de/cmm/tentamor.php
09:43:34	Warning: 	File has moved from www.lomion.de/cmm/_link.php?nathri to http://www.lomion.de/cmm/nathri.php
09:43:35	Warning: 	File has moved from www.lomion.de/cmm/_link.php?spirwall to http://www.lomion.de/cmm/spirwall.php
09:43:39	Warning: 	File has moved from www.lomion.de/cmm/_link.php?manscorp to http://www.lomion.de/cmm/manscorp.php
09:43:48	Warning: 	File has moved from www.lomion.de/cmm/_link.php?ophidian to http://www.lomion.de/cmm/ophidian.php
09:44:08	Warning: 	File has moved from www.lomion.de/cmm/_link.php?entrope to http://www.lomion.de/cmm/entrope.php
09:44:11	Warning: 	File has moved from www.lomion.de/cmm/_link.php?mephit7 to http://www.lomion.de/cmm/mephit7.php
09:44:11	Warning: 	File has moved from www.lomion.de/cmm/_link.php?mephit6 to http://www.lomion.de/cmm/mephit6.php
09:44:11	Warning: 	File has moved from www.lomion.de/cmm/_link.php?tanaladr to http://www.lomion.de/cmm/tanaladr.php
09:44:14	Error: 	"Not Found" (404) at link www.lomion.de/cmm/_link.oho?mephit8 (from www.lomion.de/cmm/mephit7.php)
09:44:34	Warning: 	File has moved from www.lomion.de/cmm/_link.php?grimreap to http://www.lomion.de/cmm/grimreap.php
09:44:36	Warning: 	File has moved from www.lomion.de/cmm/_link.php?mistcrde to http://www.lomion.de/cmm/mistcrde.php
09:44:51	Warning: 	File has moved from www.lomion.de/cmm/_link.php?gearspir to http://www.lomion.de/cmm/gearspir.php
09:45:27	Warning: 	File has moved from www.lomion.de/cmm/_link.php?tyminid to http://www.lomion.de/cmm/tyminid.php
09:45:31	Warning: 	File has moved from www.lomion.de/cmm/_link.php?phaerimm to http://www.lomion.de/cmm/phaerimm.php
09:45:33	Warning: 	File has moved from www.lomion.de/cmm/_link.php?crusgian to http://www.lomion.de/cmm/crusgian.php
09:45:38	Warning: 	File has moved from www.lomion.de/cmm/_link.php?diabolus to http://www.lomion.de/cmm/diabolus.php
09:45:50	Warning: 	File has moved from www.lomion.de/cmm/_link.php?spirmyst to http://www.lomion.de/cmm/spirmyst.php
09:45:53	Warning: 	File has moved from www.lomion.de/cmm/_link.php?hakeasha to http://www.lomion.de/cmm/hakeasha.php
09:45:57	Warning: 	File has moved from www.lomion.de/cmm/_link.php?vampnosf to http://www.lomion.de/cmm/vampnosf.php
09:45:58	Warning: 	File has moved from www.lomion.de/cmm/_link.php?browdobi to http://www.lomion.de/cmm/browdobi.php
09:45:59	Warning: 	File has moved from www.lomion.de/cmm/_link.php?baelnorn to http://www.lomion.de/cmm/baelnorn.php
09:46:18	Warning: 	File has moved from www.lomion.de/cmm/_link.php?tengu to http://www.lomion.de/cmm/tengu.php
09:46:21	Warning: 	File has moved from www.lomion.de/cmm/_link.php?aljahar to http://www.lomion.de/cmm/aljahar.php
09:46:34	Warning: 	File has moved from www.lomion.de/cmm/_link.php?owlbear2 to http://www.lomion.de/cmm/owlbear2.php
09:46:34	Warning: 	File has moved from www.lomion.de/cmm/_link.php?zaratan to http://www.lomion.de/cmm/zaratan.php
09:46:34	Warning: 	File has moved from www.lomion.de/cmm/_link.php?lycawele to http://www.lomion.de/cmm/lycawele.php
09:46:37	Warning: 	File has moved from www.lomion.de/cmm/_link.php?oozespri to http://www.lomion.de/cmm/oozespri.php
09:46:44	Warning: 	File has moved from www.lomion.de/cmm/_link.php?trollega to http://www.lomion.de/cmm/trollega.php
09:46:47	Warning: 	File has moved from www.lomion.de/cmm/_link.php?tombtapp to http://www.lomion.de/cmm/tombtapp.php
09:46:54	Warning: 	File has moved from www.lomion.de/cmm/_link.php?dabus to http://www.lomion.de/cmm/dabus.php
09:47:19	Warning: 	File has moved from www.lomion.de/cmm/_link.php?dopprave to http://www.lomion.de/cmm/dopprave.php
09:47:19	Warning: 	File has moved from www.lomion.de/cmm/_link.php?kelpie to http://www.lomion.de/cmm/kelpie.php
09:47:19	Warning: 	File has moved from www.lomion.de/cmm/_link.php?straweed to http://www.lomion.de/cmm/straweed.php
09:47:25	Warning: 	File has moved from www.lomion.de/cmm/_link.php?plsmdegl to http://www.lomion.de/cmm/plsmdegl.php
09:47:39	Warning: 	File has moved from www.lomion.de/cmm/_link.php?pterran to http://www.lomion.de/cmm/pterran.php
09:47:57	Warning: 	File has moved from www.lomion.de/cmm/_link.php?adherer to http://www.lomion.de/cmm/adherer.php
09:48:10	Warning: 	File has moved from www.lomion.de/cmm/_link.php?floater to http://www.lomion.de/cmm/floater.php
09:48:24	Warning: 	File has moved from www.lomion.de/cmm/_link.php?bebilith to http://www.lomion.de/cmm/bebilith.php
09:48:24	Warning: 	File has moved from www.lomion.de/cmm/_link.php?retrieve to http://www.lomion.de/cmm/retrieve.php
09:48:25	Warning: 	File has moved from www.lomion.de/cmm/_link.php?rilmabio to http://www.lomion.de/cmm/rilmabio.php
09:48:32	Warning: 	File has moved from www.lomion.de/cmm/_link.php?kankwild to http://www.lomion.de/cmm/kankwild.php
09:48:32	Warning: 	File has moved from www.lomion.de/cmm/_link.php?chathran to http://www.lomion.de/cmm/chathran.php
09:48:40	Warning: 	File has moved from www.lomion.de/cmm/_link.php?ruvoka to http://www.lomion.de/cmm/ruvoka.php
09:48:49	Warning: 	File has moved from www.lomion.de/cmm/_link.php?cloudray to http://www.lomion.de/cmm/cloudray.php
09:48:57	Warning: 	File has moved from www.lomion.de/cmm/_link.php?scarecro to http://www.lomion.de/cmm/scarecro.php
09:48:57	Warning: 	File has moved from www.lomion.de/cmm/_link.php?harrier to http://www.lomion.de/cmm/harrier.php
09:49:22	Warning: 	File has moved from www.lomion.de/cmm/_link.php?tanalama to http://www.lomion.de/cmm/tanalama.php
09:49:40	Warning: 	File has moved from www.lomion.de/cmm/_link.php?phantom to http://www.lomion.de/cmm/phantom.php
09:49:48	Warning: 	File has moved from www.lomion.de/cmm/_link.php?grav to http://www.lomion.de/cmm/grav.php
09:50:58	Warning: 	File has moved from www.lomion.de/cmm/_link.php?rayfores to http://www.lomion.de/cmm/rayfores.php
09:51:01	Warning: 	File has moved from www.lomion.de/cmm/_link.php?silkwyrm to http://www.lomion.de/cmm/silkwyrm.php
09:51:21	Warning: 	File has moved from www.lomion.de/cmm/_link.php?elfwkago to http://www.lomion.de/cmm/elfwkago.php
09:52:07	Warning: 	File has moved from www.lomion.de/cmm/_link.php?tanamoly to http://www.lomion.de/cmm/tanamoly.php
09:53:15	Warning: 	File has moved from www.lomion.de/cmm/_link.php?shadstaf to http://www.lomion.de/cmm/shadstaf.php
09:53:21	Warning: 	File has moved from www.lomion.de/cmm/_link.php?winleswo to http://www.lomion.de/cmm/winleswo.php
09:53:36	Warning: 	File has moved from www.lomion.de/cmm/_link.php?behir to http://www.lomion.de/cmm/behir.php
09:53:36	Warning: 	File has moved from www.lomion.de/cmm/_link.php?humakryn to http://www.lomion.de/cmm/humakryn.php
09:53:37	Warning: 	File has moved from www.lomion.de/cmm/_link.php?cockatri to http://www.lomion.de/cmm/cockatri.php
09:54:38	Warning: 	File has moved from www.lomion.de/cmm/_link.php?khaasta to http://www.lomion.de/cmm/khaasta.php
09:56:00	Warning: 	File has moved from www.lomion.de/cmm/_link.php?virus to http://www.lomion.de/cmm/virus.php
09:56:06	Warning: 	File has moved from www.lomion.de/cmm/_link.php?neshezu to http://www.lomion.de/cmm/neshezu.php
09:57:19	Warning: 	File has moved from www.lomion.de/cmm/_link.php?scoratha to http://www.lomion.de/cmm/scoratha.php
09:57:27	Warning: 	File has moved from www.lomion.de/cmm/_link.php?dharculu to http://www.lomion.de/cmm/dharculu.php
09:57:56	Warning: 	File has moved from www.lomion.de/cmm/_link.php?yugobaer to http://www.lomion.de/cmm/yugobaer.php
09:58:25	Warning: 	File has moved from www.lomion.de/cmm/_link.php?tohrkre3 to http://www.lomion.de/cmm/tohrkre3.php
09:58:29	Warning: 	File has moved from www.lomion.de/cmm/_link.php?zomblord to http://www.lomion.de/cmm/zomblord.php
09:58:44	Warning: 	File has moved from www.lomion.de/cmm/_link.php?misthorr to http://www.lomion.de/cmm/misthorr.php
09:58:44	Error: 	"Not Found" (404) at link www.lomion.de/cmm/dap/aarakocr.php (from www.lomion.de/cmm/dap/dap_dwar.php)
09:58:48	Error: 	"Not Found" (404) at link www.lomion.de/cmm/abc/.png (from www.lomion.de/cmm/_abc.php?)
09:59:03	Warning: 	File has moved from www.lomion.de/cmm/_link.php?snakwing to http://www.lomion.de/cmm/snakwing.php

HTTrack Website Copier/3.44-1 mirror complete in 2 hours 7 minutes 43 seconds : 5620 links scanned, 4315 files written (158979068 bytes overall) [160494999 bytes received at 20944 bytes/sec], 4.7 requests per connection
(25 errors, 268 warnings, 0 messages)
